Step,Computo,Comunicacion,N
0,0.00019672,0.00000000,18
1,0.36040711,0.00000000,18
2,0.36021040,0.00000000,18
