Tiempo,N
0.00273186,10800
0.00582594,21600
9.82787310,23619600
0.96136293,2624400
0.08998528,291600
0.00079289,3600
31.24778697,70858800
3.05192870,7873200
0.29320659,874800
