Tiempo,N
0.00218399,10800
0.00499507,21600
8.56617666,23619600
0.82147240,2624400
0.07720853,291600
0.00070015,3600
27.28329037,70858800
2.63231178,7873200
0.25123412,874800
